[
  {
    "lec_id": 1,
    "contents": [
      {
        "contentId": "1",
        "content": "video",
        "content_icon": "assets/english.webp",
        "content_link": "A_For_Apple_ABC_Alphabet_Songs_with_Sounds_for_Children.mp4",
        "content_title": "A For Apple - ABC Alphabet Songs with Sounds for Children",
        "published_at": "18/02/2023"
      },
      {
        "contentId": "2",
        "content": "video",
        "content_icon": "assets/maths.webp",
        "content_link": "Tables1_to_10 __ English_Table_of One_to_Ten_Tables_Song_Maths.mp4",
        "content_title": "Tables1 to 10 || English Table of One to Ten Tables Song ",
        "published_at": "18/02/2023"
      },
      {
        "contentId": "3",
        "content": "video",
        "content_icon": "assets/marathi.webp",
        "content_link": "येरे-येरे-पावसा-म_.mp4",
        "content_title": "येरे येरे पावसा | मजेदार मराठी बालगीत | Marathi Rhymes | Marathi Balgeet | Jingle Toons",
        "published_at": "18/02/2023"
      },
      {
        "contentId": "4",
        "content": "video",
        "content_icon": "assets/hindi.webp",
        "content_link": "क-से-कमल-ka-se-kamal-hindi.mp4",
        "content_title": "क से कमल Ka Se Kamal - Hindi Varnamala Geet 2 - Hindi Phonics Song - Hindi Alphabet Song",
        "published_at": "18/02/2023"
      },
      {
        "contentId": "5",
        "content": "video",
        "content_icon": "assets/gk.webp",
        "content_link": "surprise-eggs-toys-learn-fruits-vegetables-for.mp4",
        "content_title": "Surprise Eggs Toys Learn Fruits & Vegetables for Kids",
        "published_at": "18/02/2023"
      },
      {
        "contentId": "6",
        "content": "video",
        "content_icon": "assets/computer-science.webp",
        "content_link": "computer-parts-more-computer-parts-name-crea.mp4",
        "content_title": "Computer Parts & more | Computer Parts name Creative Learning for Kids Children Early Learning",
        "published_at": "18/02/2023"
      },
      {
        "contentId": "7",
        "content": "video",
        "content_icon": "assets/evs.webp",
        "content_link": "evs-for-class-3-learn-science-for-kids-envir.mp4",
        "content_title": "Learn Science For Kids | Environmental Science",
        "published_at": "18/02/2023"
      },
      {
        "contentId": "8",
        "content": "video",
        "content_icon": "assets/evs.webp",
        "content_link": "evs-for-class-3-learn-science-for-kids-envir.mp4",
        "content_title": "Learn Science For Kids | Environmental Science",
        "published_at": "18/02/2023"
      },
      {
        "contentId": "9",
        "content": "audio",
        "content_icon": "assets/english.webp",
        "content_link": "abcd.mp3",
        "content_title": "A For Apple - ABC Alphabet Songs with Sounds for Children",
        "published_at": "18/02/2023"
      },
      {
        "contentId": "10",
        "content": "audio",
        "content_icon": "assets/english.webp",
        "content_link": "EnglishRhymes.mp3",
        "content_title": "Rain, Rain, Go Away Nursery Rhyme With Lyrics - Cartoon Animation Rhymes & Songs for Children",
        "published_at": "18/02/2023"
      },
      {
        "contentId": "11",
        "content": "document",
        "content_icon": "assets/english.webp",
        "content_link": "Tot_Time_Notebook_ABC.pdf",
        "content_title": "ABC SONG (THE ALPHABET SONG) PRINTABLE LYRICS – PDF",
        "published_at": "18/02/2023"
      },
      {
        "contentId": "12",
        "content": "document",
        "content_icon": "assets/english.webp",
        "content_link": "Fingerplays.pdf",
        "content_title": "Nursery Rhymes, Fingerplays and Songs for Circle Time",
        "published_at": "18/02/2023"
      }
    ]
  },
  {
    "lec_id": 2,
    "contents": [
      {
        "contentId": "1",
        "content": "video",
        "content_icon": "assets/english.webp",
        "content_link": "A_For_Apple_ABC_Alphabet_Songs_with_Sounds_for_Children.mp4",
        "content_title": "A For Apple - ABC Alphabet Songs with Sounds for Children",
        "published_at": "18/02/2023"
      },
      {
        "contentId": "2",
        "content": "video",
        "content_icon": "assets/maths.webp",
        "content_link": "Tables1_to_10 __ English_Table_of One_to_Ten_Tables_Song_Maths.mp4",
        "content_title": "Tables1 to 10 || English Table of One to Ten Tables Song ",
        "published_at": "18/02/2023"
      },
      {
        "contentId": "3",
        "content": "video",
        "content_icon": "assets/marathi.webp",
        "content_link": "येरे-येरे-पावसा-म_.mp4",
        "content_title": "येरे येरे पावसा | मजेदार मराठी बालगीत | Marathi Rhymes | Marathi Balgeet | Jingle Toons",
        "published_at": "18/02/2023"
      },
      {
        "contentId": "4",
        "content": "video",
        "content_icon": "assets/hindi.webp",
        "content_link": "क-से-कमल-ka-se-kamal-hindi.mp4",
        "content_title": "क से कमल Ka Se Kamal - Hindi Varnamala Geet 2 - Hindi Phonics Song - Hindi Alphabet Song",
        "published_at": "18/02/2023"
      },
      {
        "contentId": "5",
        "content": "video",
        "content_icon": "assets/gk.webp",
        "content_link": "surprise-eggs-toys-learn-fruits-vegetables-for.mp4",
        "content_title": "Surprise Eggs Toys Learn Fruits & Vegetables for Kids",
        "published_at": "18/02/2023"
      },
      {
        "contentId": "6",
        "content": "video",
        "content_icon": "assets/computer-science.webp",
        "content_link": "computer-parts-more-computer-parts-name-crea.mp4",
        "content_title": "Computer Parts & more | Computer Parts name Creative Learning for Kids Children Early Learning",
        "published_at": "18/02/2023"
      },
      {
        "contentId": "7",
        "content": "video",
        "content_icon": "assets/evs.webp",
        "content_link": "evs-for-class-3-learn-science-for-kids-envir.mp4",
        "content_title": "Learn Science For Kids | Environmental Science",
        "published_at": "18/02/2023"
      },
      {
        "contentId": "8",
        "content": "video",
        "content_icon": "assets/evs.webp",
        "content_link": "evs-for-class-3-learn-science-for-kids-envir.mp4",
        "content_title": "Learn Science For Kids | Environmental Science",
        "published_at": "18/02/2023"
      },
      {
        "contentId": "9",
        "content": "audio",
        "content_icon": "assets/english.webp",
        "content_link": "abcd.mp3",
        "content_title": "A For Apple - ABC Alphabet Songs with Sounds for Children",
        "published_at": "18/02/2023"
      },
      {
        "contentId": "10",
        "content": "audio",
        "content_icon": "assets/english.webp",
        "content_link": "EnglishRhymes.mp3",
        "content_title": "Rain, Rain, Go Away Nursery Rhyme With Lyrics - Cartoon Animation Rhymes & Songs for Children",
        "published_at": "18/02/2023"
      },
      {
        "contentId": "11",
        "content": "document",
        "content_icon": "assets/english.webp",
        "content_link": "Tot_Time_Notebook_ABC.pdf",
        "content_title": "ABC SONG (THE ALPHABET SONG) PRINTABLE LYRICS – PDF",
        "published_at": "18/02/2023"
      },
      {
        "contentId": "12",
        "content": "document",
        "content_icon": "assets/english.webp",
        "content_link": "Fingerplays.pdf",
        "content_title": "Nursery Rhymes, Fingerplays and Songs for Circle Time",
        "published_at": "18/02/2023"
      }
    ]
  },
  {
    "lec_id": 3,
    "contents": [
      {
        "contentId": "1",
        "content": "video",
        "content_icon": "assets/english.webp",
        "content_link": "A_For_Apple_ABC_Alphabet_Songs_with_Sounds_for_Children.mp4",
        "content_title": "A For Apple - ABC Alphabet Songs with Sounds for Children",
        "published_at": "18/02/2023"
      },
      {
        "contentId": "2",
        "content": "video",
        "content_icon": "assets/maths.webp",
        "content_link": "Tables1_to_10 __ English_Table_of One_to_Ten_Tables_Song_Maths.mp4",
        "content_title": "Tables1 to 10 || English Table of One to Ten Tables Song ",
        "published_at": "18/02/2023"
      },
      {
        "contentId": "3",
        "content": "video",
        "content_icon": "assets/marathi.webp",
        "content_link": "येरे-येरे-पावसा-म_.mp4",
        "content_title": "येरे येरे पावसा | मजेदार मराठी बालगीत | Marathi Rhymes | Marathi Balgeet | Jingle Toons",
        "published_at": "18/02/2023"
      },
      {
        "contentId": "4",
        "content": "video",
        "content_icon": "assets/hindi.webp",
        "content_link": "क-से-कमल-ka-se-kamal-hindi.mp4",
        "content_title": "क से कमल Ka Se Kamal - Hindi Varnamala Geet 2 - Hindi Phonics Song - Hindi Alphabet Song",
        "published_at": "18/02/2023"
      },
      {
        "contentId": "5",
        "content": "video",
        "content_icon": "assets/gk.webp",
        "content_link": "surprise-eggs-toys-learn-fruits-vegetables-for.mp4",
        "content_title": "Surprise Eggs Toys Learn Fruits & Vegetables for Kids",
        "published_at": "18/02/2023"
      },
      {
        "contentId": "6",
        "content": "video",
        "content_icon": "assets/computer-science.webp",
        "content_link": "computer-parts-more-computer-parts-name-crea.mp4",
        "content_title": "Computer Parts & more | Computer Parts name Creative Learning for Kids Children Early Learning",
        "published_at": "18/02/2023"
      },
      {
        "contentId": "7",
        "content": "video",
        "content_icon": "assets/evs.webp",
        "content_link": "evs-for-class-3-learn-science-for-kids-envir.mp4",
        "content_title": "Learn Science For Kids | Environmental Science",
        "published_at": "18/02/2023"
      },
      {
        "contentId": "8",
        "content": "video",
        "content_icon": "assets/evs.webp",
        "content_link": "evs-for-class-3-learn-science-for-kids-envir.mp4",
        "content_title": "Learn Science For Kids | Environmental Science",
        "published_at": "18/02/2023"
      },
      {
        "contentId": "9",
        "content": "audio",
        "content_icon": "assets/english.webp",
        "content_link": "abcd.mp3",
        "content_title": "A For Apple - ABC Alphabet Songs with Sounds for Children",
        "published_at": "18/02/2023"
      },
      {
        "contentId": "10",
        "content": "audio",
        "content_icon": "assets/english.webp",
        "content_link": "EnglishRhymes.mp3",
        "content_title": "Rain, Rain, Go Away Nursery Rhyme With Lyrics - Cartoon Animation Rhymes & Songs for Children",
        "published_at": "18/02/2023"
      },
      {
        "contentId": "11",
        "content": "document",
        "content_icon": "assets/english.webp",
        "content_link": "Tot_Time_Notebook_ABC.pdf",
        "content_title": "ABC SONG (THE ALPHABET SONG) PRINTABLE LYRICS – PDF",
        "published_at": "18/02/2023"
      },
      {
        "contentId": "12",
        "content": "document",
        "content_icon": "assets/english.webp",
        "content_link": "Fingerplays.pdf",
        "content_title": "Nursery Rhymes, Fingerplays and Songs for Circle Time",
        "published_at": "18/02/2023"
      }
    ]
  },
  {
    "lec_id": 4,
    "contents": [
      {
        "contentId": "1",
        "content": "video",
        "content_icon": "assets/english.webp",
        "content_link": "A_For_Apple_ABC_Alphabet_Songs_with_Sounds_for_Children.mp4",
        "content_title": "A For Apple - ABC Alphabet Songs with Sounds for Children",
        "published_at": "18/02/2023"
      },
      {
        "contentId": "2",
        "content": "video",
        "content_icon": "assets/maths.webp",
        "content_link": "Tables1_to_10 __ English_Table_of One_to_Ten_Tables_Song_Maths.mp4",
        "content_title": "Tables1 to 10 || English Table of One to Ten Tables Song ",
        "published_at": "18/02/2023"
      },
      {
        "contentId": "3",
        "content": "video",
        "content_icon": "assets/marathi.webp",
        "content_link": "येरे-येरे-पावसा-म_.mp4",
        "content_title": "येरे येरे पावसा | मजेदार मराठी बालगीत | Marathi Rhymes | Marathi Balgeet | Jingle Toons",
        "published_at": "18/02/2023"
      },
      {
        "contentId": "4",
        "content": "video",
        "content_icon": "assets/hindi.webp",
        "content_link": "क-से-कमल-ka-se-kamal-hindi.mp4",
        "content_title": "क से कमल Ka Se Kamal - Hindi Varnamala Geet 2 - Hindi Phonics Song - Hindi Alphabet Song",
        "published_at": "18/02/2023"
      },
      {
        "contentId": "5",
        "content": "video",
        "content_icon": "assets/gk.webp",
        "content_link": "surprise-eggs-toys-learn-fruits-vegetables-for.mp4",
        "content_title": "Surprise Eggs Toys Learn Fruits & Vegetables for Kids",
        "published_at": "18/02/2023"
      },
      {
        "contentId": "6",
        "content": "video",
        "content_icon": "assets/computer-science.webp",
        "content_link": "computer-parts-more-computer-parts-name-crea.mp4",
        "content_title": "Computer Parts & more | Computer Parts name Creative Learning for Kids Children Early Learning",
        "published_at": "18/02/2023"
      },
      {
        "contentId": "7",
        "content": "video",
        "content_icon": "assets/evs.webp",
        "content_link": "evs-for-class-3-learn-science-for-kids-envir.mp4",
        "content_title": "Learn Science For Kids | Environmental Science",
        "published_at": "18/02/2023"
      },
      {
        "contentId": "8",
        "content": "video",
        "content_icon": "assets/evs.webp",
        "content_link": "evs-for-class-3-learn-science-for-kids-envir.mp4",
        "content_title": "Learn Science For Kids | Environmental Science",
        "published_at": "18/02/2023"
      },
      {
        "contentId": "9",
        "content": "audio",
        "content_icon": "assets/english.webp",
        "content_link": "abcd.mp3",
        "content_title": "A For Apple - ABC Alphabet Songs with Sounds for Children",
        "published_at": "18/02/2023"
      },
      {
        "contentId": "10",
        "content": "audio",
        "content_icon": "assets/english.webp",
        "content_link": "EnglishRhymes.mp3",
        "content_title": "Rain, Rain, Go Away Nursery Rhyme With Lyrics - Cartoon Animation Rhymes & Songs for Children",
        "published_at": "18/02/2023"
      },
      {
        "contentId": "11",
        "content": "document",
        "content_icon": "assets/english.webp",
        "content_link": "Tot_Time_Notebook_ABC.pdf",
        "content_title": "ABC SONG (THE ALPHABET SONG) PRINTABLE LYRICS – PDF",
        "published_at": "18/02/2023"
      },
      {
        "contentId": "12",
        "content": "document",
        "content_icon": "assets/english.webp",
        "content_link": "Fingerplays.pdf",
        "content_title": "Nursery Rhymes, Fingerplays and Songs for Circle Time",
        "published_at": "18/02/2023"
      }
    ]
  },
  {
    "lec_id": 5,
    "contents": [
      {
        "contentId": "1",
        "content": "video",
        "content_icon": "assets/english.webp",
        "content_link": "A_For_Apple_ABC_Alphabet_Songs_with_Sounds_for_Children.mp4",
        "content_title": "A For Apple - ABC Alphabet Songs with Sounds for Children",
        "published_at": "18/02/2023"
      },
      {
        "contentId": "2",
        "content": "video",
        "content_icon": "assets/maths.webp",
        "content_link": "Tables1_to_10 __ English_Table_of One_to_Ten_Tables_Song_Maths.mp4",
        "content_title": "Tables1 to 10 || English Table of One to Ten Tables Song ",
        "published_at": "18/02/2023"
      },
      {
        "contentId": "3",
        "content": "video",
        "content_icon": "assets/marathi.webp",
        "content_link": "येरे-येरे-पावसा-म_.mp4",
        "content_title": "येरे येरे पावसा | मजेदार मराठी बालगीत | Marathi Rhymes | Marathi Balgeet | Jingle Toons",
        "published_at": "18/02/2023"
      },
      {
        "contentId": "4",
        "content": "video",
        "content_icon": "assets/hindi.webp",
        "content_link": "क-से-कमल-ka-se-kamal-hindi.mp4",
        "content_title": "क से कमल Ka Se Kamal - Hindi Varnamala Geet 2 - Hindi Phonics Song - Hindi Alphabet Song",
        "published_at": "18/02/2023"
      },
      {
        "contentId": "5",
        "content": "video",
        "content_icon": "assets/gk.webp",
        "content_link": "surprise-eggs-toys-learn-fruits-vegetables-for.mp4",
        "content_title": "Surprise Eggs Toys Learn Fruits & Vegetables for Kids",
        "published_at": "18/02/2023"
      },
      {
        "contentId": "6",
        "content": "video",
        "content_icon": "assets/computer-science.webp",
        "content_link": "computer-parts-more-computer-parts-name-crea.mp4",
        "content_title": "Computer Parts & more | Computer Parts name Creative Learning for Kids Children Early Learning",
        "published_at": "18/02/2023"
      },
      {
        "contentId": "7",
        "content": "video",
        "content_icon": "assets/evs.webp",
        "content_link": "evs-for-class-3-learn-science-for-kids-envir.mp4",
        "content_title": "Learn Science For Kids | Environmental Science",
        "published_at": "18/02/2023"
      },
      {
        "contentId": "8",
        "content": "video",
        "content_icon": "assets/evs.webp",
        "content_link": "evs-for-class-3-learn-science-for-kids-envir.mp4",
        "content_title": "Learn Science For Kids | Environmental Science",
        "published_at": "18/02/2023"
      },
      {
        "contentId": "9",
        "content": "audio",
        "content_icon": "assets/english.webp",
        "content_link": "abcd.mp3",
        "content_title": "A For Apple - ABC Alphabet Songs with Sounds for Children",
        "published_at": "18/02/2023"
      },
      {
        "contentId": "10",
        "content": "audio",
        "content_icon": "assets/english.webp",
        "content_link": "EnglishRhymes.mp3",
        "content_title": "Rain, Rain, Go Away Nursery Rhyme With Lyrics - Cartoon Animation Rhymes & Songs for Children",
        "published_at": "18/02/2023"
      },
      {
        "contentId": "11",
        "content": "document",
        "content_icon": "assets/english.webp",
        "content_link": "Tot_Time_Notebook_ABC.pdf",
        "content_title": "ABC SONG (THE ALPHABET SONG) PRINTABLE LYRICS – PDF",
        "published_at": "18/02/2023"
      },
      {
        "contentId": "12",
        "content": "document",
        "content_icon": "assets/english.webp",
        "content_link": "Fingerplays.pdf",
        "content_title": "Nursery Rhymes, Fingerplays and Songs for Circle Time",
        "published_at": "18/02/2023"
      }
    ]
  },
  {
    "lec_id": 6,
    "contents": [
      {
        "contentId": "1",
        "content": "video",
        "content_icon": "assets/english.webp",
        "content_link": "A_For_Apple_ABC_Alphabet_Songs_with_Sounds_for_Children.mp4",
        "content_title": "A For Apple - ABC Alphabet Songs with Sounds for Children",
        "published_at": "18/02/2023"
      },
      {
        "contentId": "2",
        "content": "video",
        "content_icon": "assets/maths.webp",
        "content_link": "Tables1_to_10 __ English_Table_of One_to_Ten_Tables_Song_Maths.mp4",
        "content_title": "Tables1 to 10 || English Table of One to Ten Tables Song ",
        "published_at": "18/02/2023"
      },
      {
        "contentId": "3",
        "content": "video",
        "content_icon": "assets/marathi.webp",
        "content_link": "येरे-येरे-पावसा-म_.mp4",
        "content_title": "येरे येरे पावसा | मजेदार मराठी बालगीत | Marathi Rhymes | Marathi Balgeet | Jingle Toons",
        "published_at": "18/02/2023"
      },
      {
        "contentId": "4",
        "content": "video",
        "content_icon": "assets/hindi.webp",
        "content_link": "क-से-कमल-ka-se-kamal-hindi.mp4",
        "content_title": "क से कमल Ka Se Kamal - Hindi Varnamala Geet 2 - Hindi Phonics Song - Hindi Alphabet Song",
        "published_at": "18/02/2023"
      },
      {
        "contentId": "5",
        "content": "video",
        "content_icon": "assets/gk.webp",
        "content_link": "surprise-eggs-toys-learn-fruits-vegetables-for.mp4",
        "content_title": "Surprise Eggs Toys Learn Fruits & Vegetables for Kids",
        "published_at": "18/02/2023"
      },
      {
        "contentId": "6",
        "content": "video",
        "content_icon": "assets/computer-science.webp",
        "content_link": "computer-parts-more-computer-parts-name-crea.mp4",
        "content_title": "Computer Parts & more | Computer Parts name Creative Learning for Kids Children Early Learning",
        "published_at": "18/02/2023"
      },
      {
        "contentId": "7",
        "content": "video",
        "content_icon": "assets/evs.webp",
        "content_link": "evs-for-class-3-learn-science-for-kids-envir.mp4",
        "content_title": "Learn Science For Kids | Environmental Science",
        "published_at": "18/02/2023"
      },
      {
        "contentId": "8",
        "content": "video",
        "content_icon": "assets/evs.webp",
        "content_link": "evs-for-class-3-learn-science-for-kids-envir.mp4",
        "content_title": "Learn Science For Kids | Environmental Science",
        "published_at": "18/02/2023"
      },
      {
        "contentId": "9",
        "content": "audio",
        "content_icon": "assets/english.webp",
        "content_link": "abcd.mp3",
        "content_title": "A For Apple - ABC Alphabet Songs with Sounds for Children",
        "published_at": "18/02/2023"
      },
      {
        "contentId": "10",
        "content": "audio",
        "content_icon": "assets/english.webp",
        "content_link": "EnglishRhymes.mp3",
        "content_title": "Rain, Rain, Go Away Nursery Rhyme With Lyrics - Cartoon Animation Rhymes & Songs for Children",
        "published_at": "18/02/2023"
      },
      {
        "contentId": "11",
        "content": "document",
        "content_icon": "assets/english.webp",
        "content_link": "Tot_Time_Notebook_ABC.pdf",
        "content_title": "ABC SONG (THE ALPHABET SONG) PRINTABLE LYRICS – PDF",
        "published_at": "18/02/2023"
      },
      {
        "contentId": "12",
        "content": "document",
        "content_icon": "assets/english.webp",
        "content_link": "Fingerplays.pdf",
        "content_title": "Nursery Rhymes, Fingerplays and Songs for Circle Time",
        "published_at": "18/02/2023"
      }
    ]
  },
  {
    "lec_id": 7,
    "contents": [
      {
        "contentId": "1",
        "content": "video",
        "content_icon": "assets/english.webp",
        "content_link": "A_For_Apple_ABC_Alphabet_Songs_with_Sounds_for_Children.mp4",
        "content_title": "A For Apple - ABC Alphabet Songs with Sounds for Children",
        "published_at": "18/02/2023"
      },
      {
        "contentId": "2",
        "content": "video",
        "content_icon": "assets/maths.webp",
        "content_link": "Tables1_to_10 __ English_Table_of One_to_Ten_Tables_Song_Maths.mp4",
        "content_title": "Tables1 to 10 || English Table of One to Ten Tables Song ",
        "published_at": "18/02/2023"
      },
      {
        "contentId": "3",
        "content": "video",
        "content_icon": "assets/marathi.webp",
        "content_link": "येरे-येरे-पावसा-म_.mp4",
        "content_title": "येरे येरे पावसा | मजेदार मराठी बालगीत | Marathi Rhymes | Marathi Balgeet | Jingle Toons",
        "published_at": "18/02/2023"
      },
      {
        "contentId": "4",
        "content": "video",
        "content_icon": "assets/hindi.webp",
        "content_link": "क-से-कमल-ka-se-kamal-hindi.mp4",
        "content_title": "क से कमल Ka Se Kamal - Hindi Varnamala Geet 2 - Hindi Phonics Song - Hindi Alphabet Song",
        "published_at": "18/02/2023"
      },
      {
        "contentId": "5",
        "content": "video",
        "content_icon": "assets/gk.webp",
        "content_link": "surprise-eggs-toys-learn-fruits-vegetables-for.mp4",
        "content_title": "Surprise Eggs Toys Learn Fruits & Vegetables for Kids",
        "published_at": "18/02/2023"
      },
      {
        "contentId": "6",
        "content": "video",
        "content_icon": "assets/computer-science.webp",
        "content_link": "computer-parts-more-computer-parts-name-crea.mp4",
        "content_title": "Computer Parts & more | Computer Parts name Creative Learning for Kids Children Early Learning",
        "published_at": "18/02/2023"
      },
      {
        "contentId": "7",
        "content": "video",
        "content_icon": "assets/evs.webp",
        "content_link": "evs-for-class-3-learn-science-for-kids-envir.mp4",
        "content_title": "Learn Science For Kids | Environmental Science",
        "published_at": "18/02/2023"
      },
      {
        "contentId": "8",
        "content": "video",
        "content_icon": "assets/evs.webp",
        "content_link": "evs-for-class-3-learn-science-for-kids-envir.mp4",
        "content_title": "Learn Science For Kids | Environmental Science",
        "published_at": "18/02/2023"
      },
      {
        "contentId": "9",
        "content": "audio",
        "content_icon": "assets/english.webp",
        "content_link": "abcd.mp3",
        "content_title": "A For Apple - ABC Alphabet Songs with Sounds for Children",
        "published_at": "18/02/2023"
      },
      {
        "contentId": "10",
        "content": "audio",
        "content_icon": "assets/english.webp",
        "content_link": "EnglishRhymes.mp3",
        "content_title": "Rain, Rain, Go Away Nursery Rhyme With Lyrics - Cartoon Animation Rhymes & Songs for Children",
        "published_at": "18/02/2023"
      },
      {
        "contentId": "11",
        "content": "document",
        "content_icon": "assets/english.webp",
        "content_link": "Tot_Time_Notebook_ABC.pdf",
        "content_title": "ABC SONG (THE ALPHABET SONG) PRINTABLE LYRICS – PDF",
        "published_at": "18/02/2023"
      },
      {
        "contentId": "12",
        "content": "document",
        "content_icon": "assets/english.webp",
        "content_link": "Fingerplays.pdf",
        "content_title": "Nursery Rhymes, Fingerplays and Songs for Circle Time",
        "published_at": "18/02/2023"
      }
    ]
  },
  {
    "lec_id": 8,
    "contents": [
      {
        "contentId": "1",
        "content": "video",
        "content_icon": "assets/english.webp",
        "content_link": "A_For_Apple_ABC_Alphabet_Songs_with_Sounds_for_Children.mp4",
        "content_title": "A For Apple - ABC Alphabet Songs with Sounds for Children",
        "published_at": "18/02/2023"
      },
      {
        "contentId": "2",
        "content": "video",
        "content_icon": "assets/maths.webp",
        "content_link": "Tables1_to_10 __ English_Table_of One_to_Ten_Tables_Song_Maths.mp4",
        "content_title": "Tables1 to 10 || English Table of One to Ten Tables Song ",
        "published_at": "18/02/2023"
      },
      {
        "contentId": "3",
        "content": "video",
        "content_icon": "assets/marathi.webp",
        "content_link": "येरे-येरे-पावसा-म_.mp4",
        "content_title": "येरे येरे पावसा | मजेदार मराठी बालगीत | Marathi Rhymes | Marathi Balgeet | Jingle Toons",
        "published_at": "18/02/2023"
      },
      {
        "contentId": "4",
        "content": "video",
        "content_icon": "assets/hindi.webp",
        "content_link": "क-से-कमल-ka-se-kamal-hindi.mp4",
        "content_title": "क से कमल Ka Se Kamal - Hindi Varnamala Geet 2 - Hindi Phonics Song - Hindi Alphabet Song",
        "published_at": "18/02/2023"
      },
      {
        "contentId": "5",
        "content": "video",
        "content_icon": "assets/gk.webp",
        "content_link": "surprise-eggs-toys-learn-fruits-vegetables-for.mp4",
        "content_title": "Surprise Eggs Toys Learn Fruits & Vegetables for Kids",
        "published_at": "18/02/2023"
      },
      {
        "contentId": "6",
        "content": "video",
        "content_icon": "assets/computer-science.webp",
        "content_link": "computer-parts-more-computer-parts-name-crea.mp4",
        "content_title": "Computer Parts & more | Computer Parts name Creative Learning for Kids Children Early Learning",
        "published_at": "18/02/2023"
      },
      {
        "contentId": "7",
        "content": "video",
        "content_icon": "assets/evs.webp",
        "content_link": "evs-for-class-3-learn-science-for-kids-envir.mp4",
        "content_title": "Learn Science For Kids | Environmental Science",
        "published_at": "18/02/2023"
      },
      {
        "contentId": "8",
        "content": "video",
        "content_icon": "assets/evs.webp",
        "content_link": "evs-for-class-3-learn-science-for-kids-envir.mp4",
        "content_title": "Learn Science For Kids | Environmental Science",
        "published_at": "18/02/2023"
      },
      {
        "contentId": "9",
        "content": "audio",
        "content_icon": "assets/english.webp",
        "content_link": "abcd.mp3",
        "content_title": "A For Apple - ABC Alphabet Songs with Sounds for Children",
        "published_at": "18/02/2023"
      },
      {
        "contentId": "10",
        "content": "audio",
        "content_icon": "assets/english.webp",
        "content_link": "EnglishRhymes.mp3",
        "content_title": "Rain, Rain, Go Away Nursery Rhyme With Lyrics - Cartoon Animation Rhymes & Songs for Children",
        "published_at": "18/02/2023"
      },
      {
        "contentId": "11",
        "content": "document",
        "content_icon": "assets/english.webp",
        "content_link": "Tot_Time_Notebook_ABC.pdf",
        "content_title": "ABC SONG (THE ALPHABET SONG) PRINTABLE LYRICS – PDF",
        "published_at": "18/02/2023"
      },
      {
        "contentId": "12",
        "content": "document",
        "content_icon": "assets/english.webp",
        "content_link": "Fingerplays.pdf",
        "content_title": "Nursery Rhymes, Fingerplays and Songs for Circle Time",
        "published_at": "18/02/2023"
      }
    ]
  }
]
